{"cameraMode":{"drawMode":0,"name":"Shaded","section":"Shading Mode"},"sceneLighting":true,"audioPlay":false,"sceneViewState":{"m_AlwaysRefresh":false,"showFog":true,"showSkybox":true,"showFlares":true,"showImageEffects":true,"showParticleSystems":true,"showVisualEffectGraphs":true,"m_FxEnabled":true},"in2DMode":false,"pivot":{"x":-4.826822280883789,"y":16.878910064697267,"z":-29.079265594482423},"rotation":{"x":0.2848247289657593,"y":0.02156583033502102,"z":-0.006409515626728535,"w":0.9583167433738709},"size":16.289020538330079,"orthographic":true}