{"cameraMode":{"drawMode":0,"name":"Shaded","section":"Shading Mode"},"sceneLighting":true,"audioPlay":false,"sceneViewState":{"m_AlwaysRefresh":false,"showFog":true,"showSkybox":true,"showFlares":true,"showImageEffects":true,"showParticleSystems":true,"showVisualEffectGraphs":true,"m_FxEnabled":true},"in2DMode":false,"pivot":{"x":205.55999755859376,"y":159.78482055664063,"z":-34.172183990478519},"rotation":{"x":0.06660230457782746,"y":0.5429535508155823,"z":-0.043256036937236789,"w":0.8359994888305664},"size":0.016238093376159669,"orthographic":false}