{"cameraMode":{"drawMode":0,"name":"Shaded","section":"Shading Mode"},"sceneLighting":true,"audioPlay":false,"sceneViewState":{"m_AlwaysRefresh":false,"showFog":true,"showSkybox":true,"showFlares":true,"showImageEffects":true,"showParticleSystems":true,"showVisualEffectGraphs":true,"m_FxEnabled":true},"in2DMode":false,"pivot":{"x":-0.9363874793052673,"y":0.7134168148040772,"z":3.0944454669952394},"rotation":{"x":0.04534120112657547,"y":-0.7743775844573975,"z":0.05585087090730667,"w":0.6286453008651733},"size":4.48972749710083,"orthographic":false}