{"cameraMode":{"drawMode":0,"name":"Shaded","section":"Shading Mode"},"sceneLighting":true,"audioPlay":false,"sceneViewState":{"m_AlwaysRefresh":false,"showFog":true,"showSkybox":true,"showFlares":true,"showImageEffects":true,"showParticleSystems":true,"showVisualEffectGraphs":true,"m_FxEnabled":true},"in2DMode":false,"pivot":{"x":-56.41679382324219,"y":53.35008239746094,"z":40.22621154785156},"rotation":{"x":0.00011369734420441091,"y":0.9977322816848755,"z":-0.0677601769566536,"w":0.0017997564282268286},"size":48.79692459106445,"orthographic":true}