{"cameraMode":{"drawMode":0,"name":"Shaded","section":"Shading Mode"},"sceneLighting":true,"audioPlay":false,"sceneViewState":{"m_AlwaysRefresh":false,"showFog":true,"showSkybox":true,"showFlares":true,"showImageEffects":true,"showParticleSystems":true,"showVisualEffectGraphs":true,"m_FxEnabled":true},"in2DMode":false,"pivot":{"x":337.2056884765625,"y":188.29476928710938,"z":-59.921234130859378},"rotation":{"x":-0.016750939190387727,"y":-0.0832943543791771,"z":0.0013990991283208132,"w":-0.9963865280151367},"size":177.6663818359375,"orthographic":false}